{
    "ambient": [
        0.329412,
        0.223529,
        0.027451
    ],
    "diffuse": [
        0.780392,
        0.568627,
        0.113725
    ],
    "specular": [
        0.992157,
        0.941176,
        0.807843
    ],
    "shininess": 0.21794872
}