{
    "ambient": [
        0.25,
        0.25,
        0.25
    ],
    "diffuse": [
        0.4,
        0.4,
        0.4
    ],
    "specular": [
        0.774597,
        0.774597,
        0.774597
    ],
    "shininess": 0.6
}