{
    "ambient": [
        0.25,
        0.20725,
        0.20725
    ],
    "diffuse": [
        1,
        0.829,
        0.829
    ],
    "specular": [
        0.296648,
        0.296648,
        0.296648
    ],
    "shininess": 0.088
}