{
    "ambient": [
        0,
        0.1,
        0.06
    ],
    "diffuse": [
        0,
        0.50980392,
        0.50980392
    ],
    "specular": [
        0.50196078,
        0.50196078,
        0.50196078
    ],
    "shininess": 0.25
}