{
    "ambient": [
        0.1745,
        0.01175,
        0.01175
    ],
    "diffuse": [
        0.61424,
        0.04136,
        0.04136
    ],
    "specular": [
        0.727811,
        0.626959,
        0.626959
    ],
    "shininess": 0.6
}