{
    "ambient": [
        0.19225,
        0.19225,
        0.19225
    ],
    "diffuse": [
        0.50754,
        0.50754,
        0.50754
    ],
    "specular": [
        0.508273,
        0.508273,
        0.508273
    ],
    "shininess": 0.4
}