{
    "ambient": [
        0.1,
        0.18725,
        0.1745
    ],
    "diffuse": [
        0.396,
        0.74151,
        0.69102
    ],
    "specular": [
        0.297254,
        0.30829,
        0.306678
    ],
    "shininess": 0.1
}